{
  "Book Hotel" : {
    "transaction" : "Book Hotel",
    "sampleCount" : 90,
    "errorCount" : 0,
    "errorPct" : 0.0,
    "meanResTime" : 53.66666666666668,
    "medianResTime" : 42.5,
    "minResTime" : 38.0,
    "maxResTime" : 333.0,
    "pct1ResTime" : 80.90000000000006,
    "pct2ResTime" : 112.50000000000003,
    "pct3ResTime" : 333.0,
    "throughput" : 0.27245151876585516,
    "receivedKBytesPerSec" : 0.13804978919063735,
    "sentKBytesPerSec" : 0.08993028646763579
  },
  "Get Hotels" : {
    "transaction" : "Get Hotels",
    "sampleCount" : 91,
    "errorCount" : 0,
    "errorPct" : 0.0,
    "meanResTime" : 3447.9120879120874,
    "medianResTime" : 3301.0,
    "minResTime" : 2049.0,
    "maxResTime" : 7466.0,
    "pct1ResTime" : 3913.4,
    "pct2ResTime" : 5246.799999999999,
    "pct3ResTime" : 7466.0,
    "throughput" : 0.27014189871163097,
    "receivedKBytesPerSec" : 3192.8313018575964,
    "sentKBytesPerSec" : 0.05355352093599715
  },
  "Landing Page Test" : {
    "transaction" : "Landing Page Test",
    "sampleCount" : 91,
    "errorCount" : 0,
    "errorPct" : 0.0,
    "meanResTime" : 20.30769230769231,
    "medianResTime" : 8.0,
    "minResTime" : 6.0,
    "maxResTime" : 293.0,
    "pct1ResTime" : 10.799999999999997,
    "pct2ResTime" : 149.19999999999882,
    "pct3ResTime" : 293.0,
    "throughput" : 0.2723221900689185,
    "receivedKBytesPerSec" : 0.2510470189697842,
    "sentKBytesPerSec" : 0.05132635027666139
  },
  "View Hotel" : {
    "transaction" : "View Hotel",
    "sampleCount" : 91,
    "errorCount" : 0,
    "errorPct" : 0.0,
    "meanResTime" : 29.21978021978022,
    "medianResTime" : 17.0,
    "minResTime" : 14.0,
    "maxResTime" : 235.0,
    "pct1ResTime" : 67.8,
    "pct2ResTime" : 70.39999999999999,
    "pct3ResTime" : 235.0,
    "throughput" : 0.27286684098160097,
    "receivedKBytesPerSec" : 0.28125337335380335,
    "sentKBytesPerSec" : 0.054626662501199415
  },
  "Total" : {
    "transaction" : "Total",
    "sampleCount" : 545,
    "errorCount" : 0,
    "errorPct" : 0.0,
    "meanResTime" : 618.6183486238526,
    "medianResTime" : 41.0,
    "minResTime" : 6.0,
    "maxResTime" : 7466.0,
    "pct1ResTime" : 3224.4000000000005,
    "pct2ResTime" : 3597.0,
    "pct3ResTime" : 4679.419999999959,
    "throughput" : 1.6157723095167507,
    "receivedKBytesPerSec" : 3191.5227658056624,
    "sentKBytesPerSec" : 0.3939574145790098
  },
  "Check Available Rooms" : {
    "transaction" : "Check Available Rooms",
    "sampleCount" : 91,
    "errorCount" : 0,
    "errorPct" : 0.0,
    "meanResTime" : 27.14285714285713,
    "medianResTime" : 13.0,
    "minResTime" : 12.0,
    "maxResTime" : 306.0,
    "pct1ResTime" : 22.799999999999997,
    "pct2ResTime" : 141.1999999999983,
    "pct3ResTime" : 306.0,
    "throughput" : 0.27286438639995925,
    "receivedKBytesPerSec" : 2.0787988682124983,
    "sentKBytesPerSec" : 0.06848256572733351
  },
  "Transaction Controller" : {
    "transaction" : "Transaction Controller",
    "sampleCount" : 90,
    "errorCount" : 0,
    "errorPct" : 0.0,
    "meanResTime" : 3711.1333333333346,
    "medianResTime" : 3531.5,
    "minResTime" : 2251.0,
    "maxResTime" : 7898.0,
    "pct1ResTime" : 4218.6,
    "pct2ResTime" : 5488.0,
    "pct3ResTime" : 7898.0,
    "throughput" : 0.26932560867587557,
    "receivedKBytesPerSec" : 3186.011908797558,
    "sentKBytesPerSec" : 0.39425692129407963
  },
  "Login" : {
    "transaction" : "Login",
    "sampleCount" : 91,
    "errorCount" : 0,
    "errorPct" : 0.0,
    "meanResTime" : 127.25274725274724,
    "medianResTime" : 115.0,
    "minResTime" : 92.0,
    "maxResTime" : 308.0,
    "pct1ResTime" : 181.2,
    "pct2ResTime" : 233.5999999999994,
    "pct3ResTime" : 308.0,
    "throughput" : 0.2727858630974685,
    "receivedKBytesPerSec" : 0.14061715459614202,
    "sentKBytesPerSec" : 0.08071691066262983
  }
}