{
  "Book Hotel" : {
    "transaction" : "Book Hotel",
    "sampleCount" : 64,
    "errorCount" : 0,
    "errorPct" : 0.0,
    "meanResTime" : 67.39062500000003,
    "medianResTime" : 47.0,
    "minResTime" : 41.0,
    "maxResTime" : 837.0,
    "pct1ResTime" : 65.5,
    "pct2ResTime" : 172.25,
    "pct3ResTime" : 837.0,
    "throughput" : 0.1568085539066156,
    "receivedKBytesPerSec" : 0.0793326479084434,
    "sentKBytesPerSec" : 0.0517590734574571
  },
  "Get Hotels" : {
    "transaction" : "Get Hotels",
    "sampleCount" : 64,
    "errorCount" : 0,
    "errorPct" : 0.0,
    "meanResTime" : 3194.0781250000005,
    "medianResTime" : 3184.5,
    "minResTime" : 2043.0,
    "maxResTime" : 4710.0,
    "pct1ResTime" : 3742.5,
    "pct2ResTime" : 3815.0,
    "pct3ResTime" : 4710.0,
    "throughput" : 0.1555584182625583,
    "receivedKBytesPerSec" : 1838.5152797788032,
    "sentKBytesPerSec" : 0.030838241120409508
  },
  "Landing Page Test" : {
    "transaction" : "Landing Page Test",
    "sampleCount" : 65,
    "errorCount" : 0,
    "errorPct" : 0.0,
    "meanResTime" : 37.23076923076924,
    "medianResTime" : 9.0,
    "minResTime" : 8.0,
    "maxResTime" : 499.0,
    "pct1ResTime" : 61.99999999999998,
    "pct2ResTime" : 328.09999999999974,
    "pct3ResTime" : 499.0,
    "throughput" : 0.15673452065760984,
    "receivedKBytesPerSec" : 0.14448963623123406,
    "sentKBytesPerSec" : 0.029540783678631537
  },
  "View Hotel" : {
    "transaction" : "View Hotel",
    "sampleCount" : 64,
    "errorCount" : 0,
    "errorPct" : 0.0,
    "meanResTime" : 19.406250000000004,
    "medianResTime" : 17.0,
    "minResTime" : 14.0,
    "maxResTime" : 52.0,
    "pct1ResTime" : 23.5,
    "pct2ResTime" : 35.75,
    "pct3ResTime" : 52.0,
    "throughput" : 0.15680740130934182,
    "receivedKBytesPerSec" : 0.16162867379527812,
    "sentKBytesPerSec" : 0.03139210670743659
  },
  "Total" : {
    "transaction" : "Total",
    "sampleCount" : 385,
    "errorCount" : 0,
    "errorPct" : 0.0,
    "meanResTime" : 577.3038961038961,
    "medianResTime" : 44.0,
    "minResTime" : 8.0,
    "maxResTime" : 4710.0,
    "pct1ResTime" : 3131.800000000001,
    "pct2ResTime" : 3354.2999999999993,
    "pct3ResTime" : 3797.9199999999996,
    "throughput" : 0.928350622356612,
    "receivedKBytesPerSec" : 1825.2113085576748,
    "sentKBytesPerSec" : 0.22636317211982235
  },
  "Check Available Rooms" : {
    "transaction" : "Check Available Rooms",
    "sampleCount" : 64,
    "errorCount" : 0,
    "errorPct" : 0.0,
    "meanResTime" : 25.296875000000007,
    "medianResTime" : 15.0,
    "minResTime" : 13.0,
    "maxResTime" : 293.0,
    "pct1ResTime" : 22.5,
    "pct2ResTime" : 61.75,
    "pct3ResTime" : 293.0,
    "throughput" : 0.1567908826101762,
    "receivedKBytesPerSec" : 0.8467655066795365,
    "sentKBytesPerSec" : 0.03935083674884305
  },
  "Transaction Controller" : {
    "transaction" : "Transaction Controller",
    "sampleCount" : 64,
    "errorCount" : 0,
    "errorPct" : 0.0,
    "meanResTime" : 3472.6874999999995,
    "medianResTime" : 3394.0,
    "minResTime" : 2278.0,
    "maxResTime" : 4901.0,
    "pct1ResTime" : 4004.5,
    "pct2ResTime" : 4280.5,
    "pct3ResTime" : 4901.0,
    "throughput" : 0.15545488772027835,
    "receivedKBytesPerSec" : 1838.5935237061115,
    "sentKBytesPerSec" : 0.22756530927021218
  },
  "Login" : {
    "transaction" : "Login",
    "sampleCount" : 64,
    "errorCount" : 0,
    "errorPct" : 0.0,
    "meanResTime" : 128.85937500000003,
    "medianResTime" : 118.0,
    "minResTime" : 94.0,
    "maxResTime" : 450.0,
    "pct1ResTime" : 177.5,
    "pct2ResTime" : 194.75,
    "pct3ResTime" : 450.0,
    "throughput" : 0.15676054337123346,
    "receivedKBytesPerSec" : 0.08078181565449975,
    "sentKBytesPerSec" : 0.04638519984519896
  }
}